downcased,clean
Abdulaziz Al-Kumaim,Abdulaziz Al-Kumaim
Abdulhakim Ahmed Al-Mawri,Abdulhakim Ahmed Al-Mawri
Abdullah Ahmad Al-Kibsy,Abdullah Ahmad Al-Kibsy
Abdulrahman Ahmed Al-Mukhtar,Abdulrahman Ahmed Al-Mukhtar
Ahmed Abdullah Akabat,Ahmed Abdullah Akabat
Ahmed Abdullah Naji Dars,Ahmed Abdullah Naji Dars
Ahmed Saleh Al-Ganie,Ahmed Saleh Al-Ganie
Ali Abdullah Abu Hulaykah,Ali Abdullah Abu Hulaykah
Ali Bin Ali Al-Kays,Ali Bin Ali Al-Kays
Alia Faisal Abdullatif Al-Shaba,Alia Faisal Abdullatif Al-Shaba
Dhaifallah Qasim Saleh Al-Shami,Dhaifallah Qasim Saleh Al-Shami
Faiqah Al-Sayed Ba'Alawy,Faiqah Al-Sayed Ba'Alawy
Ghalib Abdullah Mutlaq,Ghalib Abdullah Mutlaq
Ghazi Ahmed Mohsen,Ghazi Ahmed Mohsen
Hassan Mohammed Zaid,Hassan Mohammed Zaid
Hussein Abdullah Mkabuli,Hussein Abdullah Mkabuli
Hussein Ali Hazeb,Hussein Ali Hazeb
Lutf Ali Al-Jermouzi,Lutf Ali Al-Jermouzi
Mahmoud Abdel Kader Al-Jounaïd,Mahmoud Abdel Kader Al-Jounaïd
Mohammad Mohammad Al-Zubayri,Mohammad Mohammad Al-Zubayri
Mohammed Saeed Al-Mashjari,Mohammed Saeed Al-Mashjari
Mohsen Ali Al-Nakib,Mohsen Ali Al-Nakib
Musfer Abdullah Saleh Al-Numeir,Musfer Abdullah Saleh Al-Numeir
Nabil Abdullah Al-Wazair,Nabil Abdullah Al-Wazair
Nasser Mahfouz Bagazkoz,Nasser Mahfouz Bagazkoz
Saleh Ahmed Shaaban,Saleh Ahmed Shaaban
Sharaf Ali Al-Kulaisi,Sharaf Ali Al-Kulaisi
Zakaria Yahya Al-Shami,Zakaria Yahya Al-Shami
